{
    "meta":[
        {
            "Video Title":"earth"
        }
    ],
    "info": [
        {
            "Title": "John Talking",
            "Start Time": "00:02",
            "End Time": "00:14"
        },
        {
            "Title": "Mark Jumping",
            "Start Time": "00:15",
            "End Time": "00:19"
        },
        {
            "Title": "Cat Looking",
            "Start Time": "00:20",
            "End Time": "00:29"
        },
        {
            "Title": "Cat pooping",
            "Start Time": "00:01",
            "End Time": "00:05"
        },
        {
            "Title": "john slapping mark",
            "Start Time": "00:07",
            "End Time": "00:11"
        },
        {
            "Title": "mark crying",
            "Start Time": "00:13",
            "End Time": "00:33"
        }
    ]
}